{"loss": [0.9629725217819214, 0.7414147853851318, 0.6828154921531677, 0.6502875685691833, 0.6056249141693115, 0.6364408731460571, 0.5802457928657532, 0.5434290766716003, 0.532605767250061, 0.5259300470352173, 0.5059232711791992, 0.49711620807647705, 0.4860307574272156, 0.4690847098827362, 0.4787793755531311, 0.4515272080898285, 0.45420175790786743, 0.43603551387786865, 0.43341657519340515, 0.43143346905708313, 0.4253302812576294, 0.4152553379535675], "accuracy": [0.6756967306137085, 0.7545002102851868, 0.7761364579200745, 0.7862475514411926, 0.8022382855415344, 0.789880096912384, 0.8104323744773865, 0.8227683901786804, 0.8256509900093079, 0.827791690826416, 0.8337898850440979, 0.8369295001029968, 0.8398308753967285, 0.8453909754753113, 0.8416752815246582, 0.8501142263412476, 0.8494091629981995, 0.8544824123382568, 0.8554757833480835, 0.8558077812194824, 0.8572953939437866, 0.8612020611763], "val_loss": [16281.9521484375, 2.653937816619873, 2.0037167072296143, 1.8332922458648682, 1.7144116163253784, 1.7064872980117798, 1.3088749647140503, 0.8195298910140991, 0.7687621116638184, 0.6339443922042847, 0.5448472499847412, 0.7320966124534607, 0.6241633892059326, 0.5436041951179504, 0.6913432478904724, 0.5614197850227356, 0.5430418848991394, 0.5708596706390381, 0.5188800692558289, 0.6113061904907227, 0.5405663847923279, 0.5300575494766235], "val_accuracy": [0.11750980466604233, 0.25558242201805115, 0.4503789246082306, 0.5311324000358582, 0.5244812369346619, 0.5812677145004272, 0.6074888110160828, 0.7594811320304871, 0.762478768825531, 0.7971779704093933, 0.8245901465415955, 0.7650408744812012, 0.803817093372345, 0.8306121826171875, 0.7828645706176758, 0.8145927786827087, 0.8320197463035583, 0.8149905800819397, 0.8362330794334412, 0.8063839673995972, 0.8268457055091858, 0.833538830280304]}